{"sections":{"homepage_banner":{"type":"homepage-banner","blocks":{"slide_TxW8fU":{"type":"slide","settings":{"image":"shopify:\/\/shop_images\/banner-1.jpg","title":"Discover Exquisite Silver Jewelry","content":"<p>Your slide content here.<\/p>","button_link":"#","button_text":"Shop Now"}},"slide_qAhKGC":{"type":"slide","settings":{"image":"shopify:\/\/shop_images\/banner-2.jpg","title":"Discover Exquisite Silver Jewelry","content":"<p>Your slide content here.<\/p>","button_link":"#","button_text":"Learn More"}}},"block_order":["slide_TxW8fU","slide_qAhKGC"],"settings":{}}},"order":["homepage_banner"]}